Malla,Resistencia (Ω),Fuente (V),Corriente (A)
Malla 1,6.0,12.0,1.6144986449864498
Malla 2,8.0,5.0,0.8326558265582656
Malla 3,10.0,8.0,0.8651761517615177
